[
    {
        "model": "main.enquiry",
        "pk": 1,
        "fields": {
            "number": 1,
            "content": "QQQ111?"
        }
    },
    {
        "model": "main.enquiry",
        "pk": 2,
        "fields": {
            "number": 2,
            "content": "QQQ222?"
        }
    },
    {
        "model": "main.enquiry",
        "pk": 3,
        "fields": {
            "number": 3,
            "content": "QQQ333?"
        }
    },
    {
        "model": "main.enquiry",
        "pk": 4,
        "fields": {
            "number": 4,
            "content": "QQQ444?"
        }
    },
    {
        "model": "main.enquiry",
        "pk": 5,
        "fields": {
            "number": 5,
            "content": "QQQ555?"
        }
    },
    {
        "model": "main.enquiry",
        "pk": 6,
        "fields": {
            "number": 6,
            "content": "QQQ666?"
        }
    },
    {
        "model": "main.enquiry",
        "pk": 7,
        "fields": {
            "number": 7,
            "content": "QQQ777?"
        }
    },
    {
        "model": "main.enquiry",
        "pk": 8,
        "fields": {
            "number": 8,
            "content": "QQQ888?"
        }
    },
    {
        "model": "main.enquiry",
        "pk": 9,
        "fields": {
            "number": 9,
            "content": "QQQ999?"
        }
    },
    {
        "model": "main.enquiry",
        "pk": 10,
        "fields": {
            "number": 10,
            "content": "QQQ101010?"
        }
    },
    {
        "model": "main.choice",
        "pk": 1,
        "fields": {
            "dogbreed": 5,
            "enquiry": 1,
            "content": "질문01-견종5"
        }
    },
    {
        "model": "main.choice",
        "pk": 2,
        "fields": {
            "dogbreed": 1,
            "enquiry": 1,
            "content": "질문01-견종1"
        }
    },
    {
        "model": "main.choice",
        "pk": 3,
        "fields": {
            "dogbreed": 4,
            "enquiry": 1,
            "content": "질문01-견종4"
        }
    },
    {
        "model": "main.choice",
        "pk": 4,
        "fields": {
            "dogbreed": 2,
            "enquiry": 1,
            "content": "질문01-견종2"
        }
    },
    {
        "model": "main.choice",
        "pk": 5,
        "fields": {
            "dogbreed": 3,
            "enquiry": 1,
            "content": "질문01-견종3"
        }
    },
    {
        "model": "main.choice",
        "pk": 6,
        "fields": {
            "dogbreed": null,
            "enquiry": 1,
            "content": "질문01-null값"
        }
    },
    {
        "model": "main.choice",
        "pk": 7,
        "fields": {
            "dogbreed": 3,
            "enquiry": 2,
            "content": "질문02-견종3"
        }
    },
    {
        "model": "main.choice",
        "pk": 8,
        "fields": {
            "dogbreed": 2,
            "enquiry": 2,
            "content": "질문02-견종2"
        }
    },
    {
        "model": "main.choice",
        "pk": 9,
        "fields": {
            "dogbreed": 5,
            "enquiry": 2,
            "content": "질문02-견종5"
        }
    },
    {
        "model": "main.choice",
        "pk": 10,
        "fields": {
            "dogbreed": 1,
            "enquiry": 2,
            "content": "질문02-견종1"
        }
    },
    {
        "model": "main.choice",
        "pk": 11,
        "fields": {
            "dogbreed": 4,
            "enquiry": 2,
            "content": "질문02-견종4"
        }
    },
    {
        "model": "main.choice",
        "pk": 12,
        "fields": {
            "dogbreed": 1,
            "enquiry": 3,
            "content": "질문03-견종1"
        }
    },
    {
        "model": "main.choice",
        "pk": 13,
        "fields": {
            "dogbreed": 3,
            "enquiry": 3,
            "content": "질문03-견종3"
        }
    },
    {
        "model": "main.choice",
        "pk": 14,
        "fields": {
            "dogbreed": 2,
            "enquiry": 3,
            "content": "질문03-견종2"
        }
    },
    {
        "model": "main.choice",
        "pk": 15,
        "fields": {
            "dogbreed": 4,
            "enquiry": 3,
            "content": "질문03-견종4"
        }
    },
    {
        "model": "main.choice",
        "pk": 16,
        "fields": {
            "dogbreed": 5,
            "enquiry": 3,
            "content": "질문04-견종5"
        }
    },
    {
        "model": "main.choice",
        "pk": 17,
        "fields": {
            "dogbreed": 2,
            "enquiry": 4,
            "content": "질문04-견종2"
        }
    },
    {
        "model": "main.choice",
        "pk": 18,
        "fields": {
            "dogbreed": 1,
            "enquiry": 4,
            "content": "질문04-견종1"
        }
    },
    {
        "model": "main.choice",
        "pk": 19,
        "fields": {
            "dogbreed": 4,
            "enquiry": 4,
            "content": "질문04-견종4"
        }
    },
    {
        "model": "main.choice",
        "pk": 20,
        "fields": {
            "dogbreed": 3,
            "enquiry": 4,
            "content": "질문04-견종3"
        }
    },
    {
        "model": "main.choice",
        "pk": 21,
        "fields": {
            "dogbreed": 5,
            "enquiry": 4,
            "content": "질문04-견종5"
        }
    },
    {
        "model": "main.choice",
        "pk": 22,
        "fields": {
            "dogbreed": 1,
            "enquiry": 5,
            "content": "질문05-견종1"
        }
    },
    {
        "model": "main.choice",
        "pk": 23,
        "fields": {
            "dogbreed": 2,
            "enquiry": 5,
            "content": "질문05-견종2"
        }
    },
    {
        "model": "main.choice",
        "pk": 24,
        "fields": {
            "dogbreed": 3,
            "enquiry": 5,
            "content": "질문05-견종3"
        }
    },
    {
        "model": "main.choice",
        "pk": 25,
        "fields": {
            "dogbreed": 4,
            "enquiry": 5,
            "content": "질문05-견종4"
        }
    },
    {
        "model": "main.choice",
        "pk": 26,
        "fields": {
            "dogbreed": 5,
            "enquiry": 5,
            "content": "질문05-견종5"
        }
    },
    {
        "model": "main.choice",
        "pk": 27,
        "fields": {
            "dogbreed": 3,
            "enquiry": 6,
            "content": "질문06-견종3"
        }
    },
    {
        "model": "main.choice",
        "pk": 28,
        "fields": {
            "dogbreed": 1,
            "enquiry": 6,
            "content": "질문06-견종-1"
        }
    },
    {
        "model": "main.choice",
        "pk": 29,
        "fields": {
            "dogbreed": 5,
            "enquiry": 6,
            "content": "질문06-견종5"
        }
    },
    {
        "model": "main.choice",
        "pk": 30,
        "fields": {
            "dogbreed": 2,
            "enquiry": 6,
            "content": "질문06-견종2"
        }
    },
    {
        "model": "main.choice",
        "pk": 31,
        "fields": {
            "dogbreed": 4,
            "enquiry": 6,
            "content": "질문06-견종4"
        }
    },
    {
        "model": "main.choice",
        "pk": 32,
        "fields": {
            "dogbreed": 2,
            "enquiry": 7,
            "content": "질문07-견종2"
        }
    },
    {
        "model": "main.choice",
        "pk": 33,
        "fields": {
            "dogbreed": 1,
            "enquiry": 7,
            "content": "질문07-견종1"
        }
    },
    {
        "model": "main.choice",
        "pk": 34,
        "fields": {
            "dogbreed": 3,
            "enquiry": 7,
            "content": "질문07-견종3"
        }
    },
    {
        "model": "main.choice",
        "pk": 35,
        "fields": {
            "dogbreed": 4,
            "enquiry": 7,
            "content": "질문07-견종4"
        }
    },
    {
        "model": "main.choice",
        "pk": 36,
        "fields": {
            "dogbreed": 5,
            "enquiry": 7,
            "content": "질문08-견종5"
        }
    },
    {
        "model": "main.choice",
        "pk": 37,
        "fields": {
            "dogbreed": 2,
            "enquiry": 8,
            "content": "질문08-견종2"
        }
    },
    {
        "model": "main.choice",
        "pk": 38,
        "fields": {
            "dogbreed": 1,
            "enquiry": 8,
            "content": "질문08-견종1"
        }
    },
    {
        "model": "main.choice",
        "pk": 39,
        "fields": {
            "dogbreed": 3,
            "enquiry": 8,
            "content": "질문08-견종3"
        }
    },
    {
        "model": "main.choice",
        "pk": 40,
        "fields": {
            "dogbreed": 5,
            "enquiry": 8,
            "content": "질문08-견종5"
        }
    },
    {
        "model": "main.choice",
        "pk": 41,
        "fields": {
            "dogbreed": 4,
            "enquiry": 8,
            "content": "질문08-견종4"
        }
    },
    {
        "model": "main.choice",
        "pk": 42,
        "fields": {
            "dogbreed": 2,
            "enquiry": 9,
            "content": "질문09-견종2"
        }
    },
    {
        "model": "main.choice",
        "pk": 43,
        "fields": {
            "dogbreed": 4,
            "enquiry": 9,
            "content": "질문09-견종4"
        }
    },
    {
        "model": "main.choice",
        "pk": 44,
        "fields": {
            "dogbreed": 1,
            "enquiry": 9,
            "content": "질문09-견종1"
        }
    },
    {
        "model": "main.choice",
        "pk": 45,
        "fields": {
            "dogbreed": 3,
            "enquiry": 9,
            "content": "질문09-견종3"
        }
    },
    {
        "model": "main.choice",
        "pk": 46,
        "fields": {
            "dogbreed": 5,
            "enquiry": 9,
            "content": "질문09-견종5"
        }
    },
    {
        "model": "main.choice",
        "pk": 47,
        "fields": {
            "dogbreed": 2,
            "enquiry": 10,
            "content": "질문10-견종2"
        }
    },
    {
        "model": "main.choice",
        "pk": 48,
        "fields": {
            "dogbreed": 1,
            "enquiry": 10,
            "content": "질문10-견종1"
        }
    },
    {
        "model": "main.choice",
        "pk": 49,
        "fields": {
            "dogbreed": 3,
            "enquiry": 10,
            "content": "질문10-견종3"
        }
    },
    {
        "model": "main.choice",
        "pk": 50,
        "fields": {
            "dogbreed": 5,
            "enquiry": 10,
            "content": "질문10-견종5"
        }
    },
    {
        "model": "main.choice",
        "pk": 51,
        "fields": {
            "dogbreed": 4,
            "enquiry": 10,
            "content": "질문10 - 견종4"
        }
    },
    {
        "model": "main.dogbreed",
        "pk": 1,
        "fields": {
            "name": "푸들"
        }
    },
    {
        "model": "main.dogbreed",
        "pk": 2,
        "fields": {
            "name": "말티즈"
        }
    },
    {
        "model": "main.dogbreed",
        "pk": 3,
        "fields": {
            "name": "리트리버"
        }
    },
    {
        "model": "main.dogbreed",
        "pk": 4,
        "fields": {
            "name": "믹스"
        }
    },
    {
        "model": "main.dogbreed",
        "pk": 5,
        "fields": {
            "name": "보더콜리"
        }
    }
    ]